User_ID,Category,Location_ID,Visitor_Count,Rating,Post_Content,Sentiment_Label,Cultural_Diversity_Index,Geometry_Parameters
USR_0164,Музеи и искусство,LOC_019,244,4.2,Очень познавательно и интересно.,Positive,0.85,"[0.76, 0.57, 0.16]"
USR_0029,Ночная жизнь,LOC_033,1515,4.3,Лучшая вечеринка года!,Positive,0.13,"[0.47, 0.35, 0.03]"
USR_0007,Музеи и искусство,LOC_046,668,4.0,Очень познавательно и интересно.,Positive,0.63,"[0.68, 0.69, 0.88]"
USR_0190,Ночная жизнь,LOC_018,466,2.7,"Музыка на любителя, но коктейли неплохие.",Neutral,0.31,"[0.29, 0.74, 0.1]"
USR_0071,Ночная жизнь,LOC_027,94,4.7,Лучшая вечеринка года!,Positive,0.35,"[0.49, 0.13, 0.24]"
USR_0063,Гастрономия,LOC_031,94,4.8,Обязательно вернусь сюда снова ради этих десертов.,Positive,0.45,"[0.42, 0.59, 0.61]"
USR_0058,Шопинг,LOC_031,39,2.6,"Мало брендов, но чисто.",Neutral,0.57,"[0.74, 0.5, 0.51]"
USR_0036,Шопинг,LOC_016,1015,1.1,"Цены космос, выбор нулевой.",Negative,0.15,"[0.88, 0.57, 0.3]"
USR_0189,Парки и природа,LOC_030,469,4.9,Тихое и спокойное место для прогулок.,Positive,0.34,"[0.57, 0.59, 0.09]"
USR_0027,Музеи и искусство,LOC_036,625,1.8,"Скучно, неинтересно и дорого.",Negative,0.22,"[0.66, 0.27, 0.31]"
USR_0174,Шопинг,LOC_010,20,4.7,Отличные скидки и приветливый персонал.,Positive,0.27,"[0.67, 0.37, 0.76]"
USR_0190,Архитектура,LOC_025,1761,4.1,"Великолепная архитектура, обязательно к посещению.",Positive,0.85,"[0.59, 0.79, 0.05]"
USR_0140,Парки и природа,LOC_013,903,4.3,"Очень зелено, свежий воздух, идеально для отдыха.",Positive,0.55,"[0.65, 0.21, 0.76]"
USR_0023,Парки и природа,LOC_039,129,3.4,"Можно погулять, если живете рядом.",Neutral,0.64,"[0.8, 0.71, 0.07]"
USR_0152,Гастрономия,LOC_033,110,3.8,"Еда средняя, цены завышены.",Neutral,0.78,"[0.54, 0.27, 0.87]"
USR_0109,Музеи и искусство,LOC_048,111,4.8,Современное искусство на высшем уровне.,Positive,0.78,"[0.24, 0.26, 0.58]"
USR_0009,Шопинг,LOC_009,191,4.6,"Огромный выбор магазинов, нашел все что нужно.",Positive,0.94,"[0.48, 0.26, 0.41]"
USR_0008,Шопинг,LOC_005,381,4.4,"Огромный выбор магазинов, нашел все что нужно.",Positive,0.76,"[0.76, 0.41, 0.77]"
USR_0024,Ночная жизнь,LOC_018,292,4.3,Отличная музыка и вкусные коктейли.,Positive,0.41,"[0.51, 0.18, 0.45]"
USR_0056,Парки и природа,LOC_050,182,4.2,Прекрасный ландшафтный дизайн.,Positive,0.56,"[0.66, 0.17, 0.37]"
USR_0060,Музеи и искусство,LOC_027,483,4.1,Экспозиция просто восторг!,Positive,0.51,"[0.59, 0.1, 0.08]"
USR_0130,Музеи и искусство,LOC_022,85,4.9,Современное искусство на высшем уровне.,Positive,0.88,"[0.62, 0.53, 0.27]"
USR_0155,Музеи и искусство,LOC_033,182,4.7,Экспозиция просто восторг!,Positive,0.53,"[0.56, 0.24, 0.6]"
USR_0007,Ночная жизнь,LOC_018,238,3.6,"Музыка на любителя, но коктейли неплохие.",Neutral,0.43,"[0.87, 0.35, 0.05]"
USR_0144,Гастрономия,LOC_001,314,4.1,Отличное обслуживание и прекрасное меню.,Positive,0.25,"[0.36, 0.42, 0.5]"
USR_0051,Шопинг,LOC_019,778,4.6,Отличные скидки и приветливый персонал.,Positive,0.37,"[0.63, 0.43, 0.59]"
USR_0184,Музеи и искусство,LOC_047,121,3.4,"Некоторые залы закрыты, но в целом пойдет.",Neutral,0.29,"[0.7, 0.18, 0.68]"
USR_0167,Ночная жизнь,LOC_020,371,4.8,Отличная музыка и вкусные коктейли.,Positive,0.86,"[0.36, 0.34, 0.75]"
USR_0180,Гастрономия,LOC_038,458,4.8,"Невероятно вкусно, лучший ресторан в городе!",Positive,0.76,"[0.88, 0.3, 0.47]"
USR_0140,Ночная жизнь,LOC_038,33,3.1,"Слишком много людей, не протолкнуться.",Neutral,0.15,"[0.69, 0.13, 0.15]"
USR_0108,Архитектура,LOC_043,477,1.8,"Фасады обшарпаны, неприятно смотреть.",Negative,0.94,"[0.3, 0.6, 0.65]"
USR_0057,Парки и природа,LOC_032,103,3.4,"Можно погулять, если живете рядом.",Neutral,0.55,"[0.27, 0.53, 0.17]"
USR_0115,Шопинг,LOC_010,43,1.9,"Цены космос, выбор нулевой.",Negative,0.75,"[0.85, 0.38, 0.41]"
USR_0151,Ночная жизнь,LOC_029,1496,4.1,"Замечательная атмосфера, танцевали до утра.",Positive,0.95,"[0.75, 0.6, 0.1]"
USR_0072,Ночная жизнь,LOC_035,1695,4.3,Отличная музыка и вкусные коктейли.,Positive,0.93,"[0.49, 0.75, 0.75]"
USR_0002,Шопинг,LOC_031,836,4.1,Прекрасный торговый центр с удобной парковкой.,Positive,0.19,"[0.61, 0.64, 0.41]"
USR_0195,Парки и природа,LOC_023,191,4.3,Тихое и спокойное место для прогулок.,Positive,0.66,"[0.66, 0.77, 0.12]"
USR_0041,Архитектура,LOC_022,61,4.1,Очень красивое историческое место.,Positive,0.33,"[0.55, 0.47, 0.04]"
USR_0179,Гастрономия,LOC_036,586,2.6,"Нормально перекусить можно, но без изысков.",Neutral,0.79,"[0.85, 0.69, 0.43]"
USR_0109,Ночная жизнь,LOC_049,300,2.2,"Музыка слишком громкая, контингент сомнительный.",Negative,0.88,"[0.56, 0.74, 0.16]"
USR_0088,Парки и природа,LOC_035,75,3.2,"Обычный парк, маловато скамеек.",Neutral,0.15,"[0.6, 0.61, 0.12]"
USR_0072,Гастрономия,LOC_025,351,4.6,Обязательно вернусь сюда снова ради этих десертов.,Positive,0.95,"[0.47, 0.52, 0.79]"
USR_0040,Гастрономия,LOC_030,27,3.8,"Нормально перекусить можно, но без изысков.",Neutral,0.29,"[0.55, 0.37, 0.88]"
USR_0056,Гастрономия,LOC_021,1210,4.8,Обязательно вернусь сюда снова ради этих десертов.,Positive,0.82,"[0.84, 0.63, 0.25]"
USR_0196,Архитектура,LOC_013,159,3.0,"Здания как здания, ничего особенного.",Neutral,0.78,"[0.87, 0.78, 0.41]"
USR_0087,Архитектура,LOC_045,553,4.2,"Великолепная архитектура, обязательно к посещению.",Positive,0.4,"[0.29, 0.39, 0.63]"
USR_0027,Гастрономия,LOC_016,196,4.1,"Невероятно вкусно, лучший ресторан в городе!",Positive,0.81,"[0.72, 0.31, 0.63]"
USR_0024,Музеи и искусство,LOC_037,377,1.5,"Зря потратили время, экспонатов почти нет.",Negative,0.82,"[0.8, 0.6, 0.84]"
USR_0098,Шопинг,LOC_025,405,3.2,"Обычный ТЦ, цены как везде.",Neutral,0.25,"[0.64, 0.24, 0.56]"
USR_0025,Архитектура,LOC_015,112,4.2,Потрясающие фасады зданий!,Positive,0.6,"[0.4, 0.34, 0.61]"
USR_0092,Музеи и искусство,LOC_050,1756,4.4,Очень познавательно и интересно.,Positive,0.79,"[0.89, 0.56, 0.86]"
USR_0089,Музеи и искусство,LOC_027,756,4.2,Экспозиция просто восторг!,Positive,0.69,"[0.55, 0.59, 0.29]"
USR_0155,Ночная жизнь,LOC_003,1412,4.3,Лучшая вечеринка года!,Positive,0.88,"[0.28, 0.35, 0.43]"
USR_0068,Шопинг,LOC_021,1136,4.3,Отличные скидки и приветливый персонал.,Positive,0.12,"[0.6, 0.57, 0.38]"
USR_0012,Гастрономия,LOC_048,465,4.8,Обязательно вернусь сюда снова ради этих десертов.,Positive,0.7,"[0.72, 0.69, 0.26]"
USR_0187,Ночная жизнь,LOC_031,1284,2.6,"Музыка на любителя, но коктейли неплохие.",Neutral,0.91,"[0.79, 0.67, 0.47]"
USR_0118,Ночная жизнь,LOC_046,56,4.7,"Замечательная атмосфера, танцевали до утра.",Positive,0.58,"[0.22, 0.2, 0.6]"
USR_0138,Музеи и искусство,LOC_025,119,4.7,Очень познавательно и интересно.,Positive,0.58,"[0.34, 0.63, 0.14]"
USR_0032,Музеи и искусство,LOC_025,33,3.8,"Экспозиция небольшая, ожидал большего.",Neutral,0.26,"[0.4, 0.28, 0.76]"
USR_0097,Музеи и искусство,LOC_043,206,1.5,"Скучно, неинтересно и дорого.",Negative,0.94,"[0.68, 0.31, 0.68]"
USR_0021,Гастрономия,LOC_042,256,4.1,Обязательно вернусь сюда снова ради этих десертов.,Positive,0.85,"[0.22, 0.67, 0.09]"
USR_0142,Гастрономия,LOC_010,168,5.0,Отличное обслуживание и прекрасное меню.,Positive,0.52,"[0.81, 0.62, 0.78]"
USR_0076,Ночная жизнь,LOC_032,892,3.0,"Слишком много людей, не протолкнуться.",Neutral,0.36,"[0.72, 0.49, 0.21]"
USR_0161,Ночная жизнь,LOC_003,230,4.9,Лучшая вечеринка года!,Positive,0.52,"[0.75, 0.66, 0.26]"
USR_0159,Архитектура,LOC_009,174,4.4,Очень красивое историческое место.,Positive,0.18,"[0.67, 0.75, 0.35]"
USR_0093,Архитектура,LOC_033,401,3.6,"Здания как здания, ничего особенного.",Neutral,0.3,"[0.87, 0.78, 0.28]"
USR_0148,Музеи и искусство,LOC_038,85,3.7,"Некоторые залы закрыты, но в целом пойдет.",Neutral,0.29,"[0.59, 0.11, 0.23]"
USR_0050,Гастрономия,LOC_022,820,3.5,"Нормально перекусить можно, но без изысков.",Neutral,0.55,"[0.63, 0.65, 0.78]"
USR_0181,Гастрономия,LOC_007,48,4.6,Отличное обслуживание и прекрасное меню.,Positive,0.1,"[0.78, 0.74, 0.63]"
USR_0018,Ночная жизнь,LOC_029,2177,4.4,Лучшая вечеринка года!,Positive,0.88,"[0.65, 0.63, 0.49]"
USR_0012,Шопинг,LOC_007,749,4.2,"Огромный выбор магазинов, нашел все что нужно.",Positive,0.27,"[0.62, 0.64, 0.87]"
USR_0170,Музеи и искусство,LOC_034,120,4.9,Очень познавательно и интересно.,Positive,0.21,"[0.41, 0.22, 0.61]"
USR_0059,Архитектура,LOC_030,12,4.2,Очень красивое историческое место.,Positive,0.71,"[0.33, 0.22, 0.46]"
USR_0198,Шопинг,LOC_001,854,4.1,Прекрасный торговый центр с удобной парковкой.,Positive,0.88,"[0.46, 0.4, 0.5]"
USR_0075,Гастрономия,LOC_047,623,2.6,"Еда средняя, цены завышены.",Neutral,0.82,"[0.29, 0.51, 0.23]"
USR_0021,Архитектура,LOC_010,662,3.7,"Требует реставрации, но в целом нормально.",Neutral,0.38,"[0.43, 0.6, 0.14]"
USR_0060,Музеи и искусство,LOC_027,747,1.1,"Скучно, неинтересно и дорого.",Negative,0.12,"[0.31, 0.33, 0.05]"
USR_0026,Гастрономия,LOC_042,48,4.8,Отличное обслуживание и прекрасное меню.,Positive,0.6,"[0.85, 0.53, 0.6]"
USR_0098,Музеи и искусство,LOC_010,231,4.4,Экспозиция просто восторг!,Positive,0.88,"[0.54, 0.5, 0.32]"
USR_0072,Ночная жизнь,LOC_005,71,4.8,Лучшая вечеринка года!,Positive,0.76,"[0.75, 0.32, 0.2]"
USR_0117,Шопинг,LOC_031,1004,3.6,"Мало брендов, но чисто.",Neutral,0.82,"[0.33, 0.15, 0.45]"
USR_0163,Шопинг,LOC_017,498,4.4,Прекрасный торговый центр с удобной парковкой.,Positive,0.83,"[0.49, 0.48, 0.08]"
USR_0094,Шопинг,LOC_022,210,4.7,Прекрасный торговый центр с удобной парковкой.,Positive,0.92,"[0.35, 0.25, 0.3]"
USR_0042,Парки и природа,LOC_040,42,4.4,Прекрасный ландшафтный дизайн.,Positive,0.42,"[0.45, 0.25, 0.68]"
USR_0095,Музеи и искусство,LOC_045,196,4.7,Очень познавательно и интересно.,Positive,0.9,"[0.57, 0.8, 0.74]"
USR_0091,Шопинг,LOC_026,206,4.5,Отличные скидки и приветливый персонал.,Positive,0.44,"[0.89, 0.11, 0.6]"
USR_0054,Ночная жизнь,LOC_042,663,4.8,"Замечательная атмосфера, танцевали до утра.",Positive,0.19,"[0.51, 0.73, 0.55]"
USR_0172,Шопинг,LOC_006,517,4.8,Отличные скидки и приветливый персонал.,Positive,0.36,"[0.63, 0.77, 0.61]"
USR_0069,Музеи и искусство,LOC_022,1101,4.9,Очень познавательно и интересно.,Positive,0.22,"[0.42, 0.74, 0.85]"
USR_0180,Шопинг,LOC_044,329,1.6,"Цены космос, выбор нулевой.",Negative,0.23,"[0.47, 0.48, 0.25]"
USR_0175,Музеи и искусство,LOC_035,73,4.4,Очень познавательно и интересно.,Positive,0.91,"[0.84, 0.68, 0.34]"
USR_0166,Гастрономия,LOC_025,634,5.0,"Невероятно вкусно, лучший ресторан в городе!",Positive,0.77,"[0.76, 0.41, 0.04]"
USR_0019,Ночная жизнь,LOC_021,725,3.6,"Музыка на любителя, но коктейли неплохие.",Neutral,0.92,"[0.83, 0.23, 0.46]"
USR_0156,Музеи и искусство,LOC_041,421,4.3,Современное искусство на высшем уровне.,Positive,0.65,"[0.86, 0.22, 0.86]"
USR_0163,Музеи и искусство,LOC_046,746,3.7,"Некоторые залы закрыты, но в целом пойдет.",Neutral,0.25,"[0.58, 0.11, 0.06]"
USR_0044,Парки и природа,LOC_049,350,4.1,Тихое и спокойное место для прогулок.,Positive,0.92,"[0.67, 0.64, 0.78]"
USR_0137,Гастрономия,LOC_032,379,3.7,"Нормально перекусить можно, но без изысков.",Neutral,0.69,"[0.5, 0.17, 0.48]"
USR_0187,Ночная жизнь,LOC_035,288,4.8,Лучшая вечеринка года!,Positive,0.89,"[0.69, 0.78, 0.7]"
USR_0063,Парки и природа,LOC_003,22,4.9,"Очень зелено, свежий воздух, идеально для отдыха.",Positive,0.77,"[0.65, 0.76, 0.67]"
USR_0042,Шопинг,LOC_040,67,4.4,"Огромный выбор магазинов, нашел все что нужно.",Positive,0.29,"[0.31, 0.42, 0.3]"
USR_0119,Музеи и искусство,LOC_005,25,1.3,"Зря потратили время, экспонатов почти нет.",Negative,0.6,"[0.26, 0.14, 0.71]"
USR_0098,Ночная жизнь,LOC_016,515,4.3,Лучшая вечеринка года!,Positive,0.25,"[0.59, 0.5, 0.2]"
USR_0070,Гастрономия,LOC_041,198,4.1,Отличное обслуживание и прекрасное меню.,Positive,0.36,"[0.38, 0.37, 0.57]"
USR_0164,Парки и природа,LOC_044,365,4.2,Прекрасный ландшафтный дизайн.,Positive,0.69,"[0.5, 0.11, 0.61]"
USR_0177,Музеи и искусство,LOC_019,1200,1.5,"Зря потратили время, экспонатов почти нет.",Negative,0.21,"[0.57, 0.55, 0.56]"
USR_0143,Архитектура,LOC_015,153,4.9,"Великолепная архитектура, обязательно к посещению.",Positive,0.72,"[0.73, 0.51, 0.63]"
USR_0057,Ночная жизнь,LOC_048,274,3.4,"Музыка на любителя, но коктейли неплохие.",Neutral,0.91,"[0.25, 0.75, 0.1]"
USR_0176,Парки и природа,LOC_006,714,2.7,"Обычный парк, маловато скамеек.",Neutral,0.91,"[0.75, 0.31, 0.08]"
USR_0084,Гастрономия,LOC_028,139,4.8,Отличное обслуживание и прекрасное меню.,Positive,0.43,"[0.74, 0.41, 0.36]"
USR_0197,Парки и природа,LOC_007,50,2.7,"Можно погулять, если живете рядом.",Neutral,0.95,"[0.66, 0.43, 0.48]"
USR_0199,Парки и природа,LOC_049,181,3.1,"Обычный парк, маловато скамеек.",Neutral,0.92,"[0.3, 0.37, 0.72]"
USR_0015,Парки и природа,LOC_041,97,4.1,Прекрасный ландшафтный дизайн.,Positive,0.13,"[0.58, 0.77, 0.13]"
USR_0059,Шопинг,LOC_046,1337,4.8,Отличные скидки и приветливый персонал.,Positive,0.61,"[0.67, 0.74, 0.72]"
USR_0009,Архитектура,LOC_007,835,4.7,"Великолепная архитектура, обязательно к посещению.",Positive,0.88,"[0.71, 0.36, 0.85]"
USR_0081,Гастрономия,LOC_029,511,4.1,"Невероятно вкусно, лучший ресторан в городе!",Positive,0.92,"[0.59, 0.49, 0.11]"
USR_0103,Гастрономия,LOC_011,1035,4.3,Отличное обслуживание и прекрасное меню.,Positive,0.29,"[0.2, 0.52, 0.48]"
USR_0069,Гастрономия,LOC_045,823,4.4,"Невероятно вкусно, лучший ресторан в городе!",Positive,0.58,"[0.86, 0.31, 0.67]"
USR_0017,Музеи и искусство,LOC_020,113,3.1,"Некоторые залы закрыты, но в целом пойдет.",Neutral,0.9,"[0.83, 0.34, 0.37]"
USR_0055,Ночная жизнь,LOC_002,1125,4.9,Отличная музыка и вкусные коктейли.,Positive,0.22,"[0.65, 0.46, 0.14]"
USR_0146,Гастрономия,LOC_003,397,4.0,"Невероятно вкусно, лучший ресторан в городе!",Positive,0.73,"[0.35, 0.68, 0.17]"
USR_0184,Ночная жизнь,LOC_021,833,4.2,Отличная музыка и вкусные коктейли.,Positive,0.3,"[0.33, 0.66, 0.77]"
USR_0081,Гастрономия,LOC_004,1142,4.4,Отличное обслуживание и прекрасное меню.,Positive,0.94,"[0.8, 0.75, 0.89]"
USR_0055,Архитектура,LOC_019,201,2.8,"Требует реставрации, но в целом нормально.",Neutral,0.24,"[0.52, 0.48, 0.26]"
USR_0168,Музеи и искусство,LOC_023,68,4.7,Экспозиция просто восторг!,Positive,0.85,"[0.25, 0.17, 0.65]"
USR_0128,Музеи и искусство,LOC_024,139,5.0,Очень познавательно и интересно.,Positive,0.18,"[0.54, 0.33, 0.12]"
USR_0102,Парки и природа,LOC_028,288,4.5,Тихое и спокойное место для прогулок.,Positive,0.7,"[0.66, 0.17, 0.56]"
USR_0165,Шопинг,LOC_010,861,5.0,"Огромный выбор магазинов, нашел все что нужно.",Positive,0.64,"[0.83, 0.32, 0.41]"
USR_0118,Музеи и искусство,LOC_016,995,4.4,Экспозиция просто восторг!,Positive,0.85,"[0.63, 0.31, 0.53]"
USR_0037,Музеи и искусство,LOC_034,13,4.6,Современное искусство на высшем уровне.,Positive,0.48,"[0.6, 0.36, 0.28]"
USR_0068,Архитектура,LOC_027,367,1.4,"Фасады обшарпаны, неприятно смотреть.",Negative,0.33,"[0.5, 0.1, 0.22]"
USR_0036,Гастрономия,LOC_037,280,4.8,Обязательно вернусь сюда снова ради этих десертов.,Positive,0.31,"[0.36, 0.62, 0.39]"
USR_0064,Музеи и искусство,LOC_044,135,4.7,Современное искусство на высшем уровне.,Positive,0.16,"[0.79, 0.19, 0.66]"
USR_0191,Музеи и искусство,LOC_012,73,3.6,"Экспозиция небольшая, ожидал большего.",Neutral,0.32,"[0.81, 0.42, 0.32]"
USR_0144,Шопинг,LOC_011,215,3.0,"Обычный ТЦ, цены как везде.",Neutral,0.19,"[0.41, 0.49, 0.16]"
USR_0138,Ночная жизнь,LOC_012,1441,4.5,"Замечательная атмосфера, танцевали до утра.",Positive,0.1,"[0.62, 0.69, 0.77]"
USR_0068,Архитектура,LOC_006,205,2.7,"Здания как здания, ничего особенного.",Neutral,0.43,"[0.3, 0.48, 0.24]"
USR_0192,Шопинг,LOC_040,375,3.2,"Обычный ТЦ, цены как везде.",Neutral,0.72,"[0.82, 0.15, 0.07]"
USR_0150,Музеи и искусство,LOC_025,617,3.4,"Некоторые залы закрыты, но в целом пойдет.",Neutral,0.92,"[0.21, 0.46, 0.03]"
USR_0110,Музеи и искусство,LOC_040,235,2.6,"Некоторые залы закрыты, но в целом пойдет.",Neutral,0.85,"[0.61, 0.38, 0.53]"
USR_0150,Архитектура,LOC_044,1793,3.1,"Требует реставрации, но в целом нормально.",Neutral,0.52,"[0.83, 0.49, 0.49]"
USR_0103,Парки и природа,LOC_016,1651,4.0,Прекрасный ландшафтный дизайн.,Positive,0.42,"[0.9, 0.43, 0.7]"
USR_0093,Парки и природа,LOC_032,155,4.0,"Очень зелено, свежий воздух, идеально для отдыха.",Positive,0.56,"[0.46, 0.26, 0.69]"
USR_0057,Музеи и искусство,LOC_038,353,1.7,"Скучно, неинтересно и дорого.",Negative,0.19,"[0.71, 0.3, 0.42]"
USR_0036,Музеи и искусство,LOC_010,188,1.8,"Зря потратили время, экспонатов почти нет.",Negative,0.51,"[0.56, 0.38, 0.45]"
USR_0131,Шопинг,LOC_015,177,4.8,Прекрасный торговый центр с удобной парковкой.,Positive,0.83,"[0.66, 0.69, 0.73]"
USR_0127,Ночная жизнь,LOC_030,28,4.4,Отличная музыка и вкусные коктейли.,Positive,0.65,"[0.63, 0.22, 0.46]"
USR_0024,Ночная жизнь,LOC_041,480,3.7,"Слишком много людей, не протолкнуться.",Neutral,0.68,"[0.51, 0.23, 0.85]"
USR_0194,Шопинг,LOC_017,359,4.1,Прекрасный торговый центр с удобной парковкой.,Positive,0.24,"[0.66, 0.78, 0.66]"
USR_0013,Шопинг,LOC_030,36,4.9,Отличные скидки и приветливый персонал.,Positive,0.16,"[0.54, 0.35, 0.2]"
USR_0029,Гастрономия,LOC_017,173,3.8,"Еда средняя, цены завышены.",Neutral,0.82,"[0.54, 0.14, 0.33]"
USR_0040,Музеи и искусство,LOC_043,1204,5.0,Экспозиция просто восторг!,Positive,0.35,"[0.23, 0.24, 0.82]"
USR_0161,Гастрономия,LOC_001,146,4.5,Отличное обслуживание и прекрасное меню.,Positive,0.37,"[0.45, 0.43, 0.41]"
USR_0041,Парки и природа,LOC_030,88,1.7,"Много мусора, неприятно гулять.",Negative,0.91,"[0.23, 0.79, 0.29]"
USR_0175,Музеи и искусство,LOC_019,346,3.5,"Экспозиция небольшая, ожидал большего.",Neutral,0.16,"[0.69, 0.46, 0.75]"
USR_0109,Музеи и искусство,LOC_044,2132,4.6,Современное искусство на высшем уровне.,Positive,0.24,"[0.78, 0.28, 0.49]"
USR_0153,Архитектура,LOC_035,148,3.3,"Здания как здания, ничего особенного.",Neutral,0.42,"[0.32, 0.56, 0.33]"
USR_0017,Музеи и искусство,LOC_011,567,4.1,Современное искусство на высшем уровне.,Positive,0.72,"[0.66, 0.68, 0.46]"
USR_0099,Парки и природа,LOC_005,726,2.9,"Обычный парк, маловато скамеек.",Neutral,0.56,"[0.46, 0.74, 0.46]"
USR_0098,Ночная жизнь,LOC_029,145,3.1,"Музыка на любителя, но коктейли неплохие.",Neutral,0.86,"[0.45, 0.71, 0.44]"
USR_0153,Ночная жизнь,LOC_023,661,3.0,"Музыка на любителя, но коктейли неплохие.",Neutral,0.18,"[0.54, 0.52, 0.45]"
USR_0120,Музеи и искусство,LOC_038,239,4.9,Современное искусство на высшем уровне.,Positive,0.6,"[0.3, 0.22, 0.07]"
USR_0136,Ночная жизнь,LOC_020,510,5.0,Отличная музыка и вкусные коктейли.,Positive,0.62,"[0.65, 0.25, 0.17]"
USR_0065,Гастрономия,LOC_041,511,5.0,"Невероятно вкусно, лучший ресторан в городе!",Positive,0.51,"[0.45, 0.6, 0.11]"
USR_0142,Музеи и искусство,LOC_028,393,1.1,"Зря потратили время, экспонатов почти нет.",Negative,0.13,"[0.36, 0.67, 0.65]"
USR_0003,Гастрономия,LOC_045,57,3.0,"Нормально перекусить можно, но без изысков.",Neutral,0.9,"[0.54, 0.44, 0.19]"
USR_0175,Шопинг,LOC_017,911,3.5,"Обычный ТЦ, цены как везде.",Neutral,0.24,"[0.31, 0.68, 0.02]"
USR_0185,Шопинг,LOC_030,203,1.2,"Цены космос, выбор нулевой.",Negative,0.86,"[0.23, 0.5, 0.15]"
USR_0030,Архитектура,LOC_020,113,3.6,"Требует реставрации, но в целом нормально.",Neutral,0.23,"[0.64, 0.13, 0.52]"
USR_0175,Музеи и искусство,LOC_013,30,4.1,Очень познавательно и интересно.,Positive,0.19,"[0.24, 0.28, 0.16]"
USR_0138,Шопинг,LOC_025,456,3.0,"Мало брендов, но чисто.",Neutral,0.27,"[0.87, 0.52, 0.51]"
USR_0193,Шопинг,LOC_031,575,4.6,"Огромный выбор магазинов, нашел все что нужно.",Positive,0.26,"[0.21, 0.6, 0.6]"
USR_0069,Ночная жизнь,LOC_007,18,3.5,"Музыка на любителя, но коктейли неплохие.",Neutral,0.69,"[0.4, 0.16, 0.4]"
USR_0197,Архитектура,LOC_016,368,1.5,"Фасады обшарпаны, неприятно смотреть.",Negative,0.71,"[0.89, 0.71, 0.15]"
USR_0165,Архитектура,LOC_025,138,3.3,"Требует реставрации, но в целом нормально.",Neutral,0.72,"[0.78, 0.52, 0.72]"
USR_0088,Ночная жизнь,LOC_037,528,4.4,"Замечательная атмосфера, танцевали до утра.",Positive,0.33,"[0.77, 0.23, 0.59]"
USR_0029,Музеи и искусство,LOC_023,105,2.8,"Экспозиция небольшая, ожидал большего.",Neutral,0.34,"[0.39, 0.61, 0.31]"
USR_0076,Гастрономия,LOC_037,597,4.7,Отличное обслуживание и прекрасное меню.,Positive,0.3,"[0.52, 0.51, 0.21]"
USR_0112,Музеи и искусство,LOC_019,254,4.4,Очень познавательно и интересно.,Positive,0.14,"[0.47, 0.18, 0.18]"
USR_0041,Гастрономия,LOC_045,1390,4.3,Отличное обслуживание и прекрасное меню.,Positive,0.59,"[0.8, 0.45, 0.38]"
USR_0117,Архитектура,LOC_019,83,4.4,"Великолепная архитектура, обязательно к посещению.",Positive,0.81,"[0.3, 0.17, 0.43]"
USR_0001,Парки и природа,LOC_002,218,1.4,"Много мусора, неприятно гулять.",Negative,0.23,"[0.63, 0.13, 0.71]"
USR_0185,Музеи и искусство,LOC_043,70,1.7,"Скучно, неинтересно и дорого.",Negative,0.41,"[0.55, 0.18, 0.43]"
USR_0185,Парки и природа,LOC_026,1303,4.9,Прекрасный ландшафтный дизайн.,Positive,0.46,"[0.29, 0.52, 0.74]"
USR_0068,Гастрономия,LOC_018,1059,4.9,Отличное обслуживание и прекрасное меню.,Positive,0.35,"[0.83, 0.64, 0.58]"
USR_0129,Музеи и искусство,LOC_001,159,4.1,Современное искусство на высшем уровне.,Positive,0.66,"[0.57, 0.36, 0.04]"
USR_0196,Парки и природа,LOC_037,549,3.7,"Можно погулять, если живете рядом.",Neutral,0.61,"[0.57, 0.26, 0.72]"
USR_0046,Парки и природа,LOC_044,859,4.3,Тихое и спокойное место для прогулок.,Positive,0.27,"[0.75, 0.37, 0.53]"
USR_0130,Музеи и искусство,LOC_050,415,4.5,Современное искусство на высшем уровне.,Positive,0.12,"[0.72, 0.63, 0.63]"
USR_0028,Парки и природа,LOC_048,387,2.2,"Парк не ухожен, трава высохла.",Negative,0.25,"[0.27, 0.19, 0.43]"
USR_0161,Музеи и искусство,LOC_004,148,3.8,"Некоторые залы закрыты, но в целом пойдет.",Neutral,0.35,"[0.36, 0.7, 0.25]"
USR_0077,Парки и природа,LOC_039,58,3.6,"Можно погулять, если живете рядом.",Neutral,0.17,"[0.81, 0.39, 0.17]"
USR_0164,Архитектура,LOC_048,1147,4.1,Потрясающие фасады зданий!,Positive,0.82,"[0.7, 0.65, 0.52]"
USR_0130,Музеи и искусство,LOC_032,1163,4.1,Очень познавательно и интересно.,Positive,0.36,"[0.28, 0.11, 0.59]"
USR_0156,Архитектура,LOC_019,511,2.5,"Требует реставрации, но в целом нормально.",Neutral,0.44,"[0.68, 0.32, 0.33]"
USR_0051,Ночная жизнь,LOC_050,217,4.4,Отличная музыка и вкусные коктейли.,Positive,0.52,"[0.31, 0.56, 0.23]"
USR_0040,Шопинг,LOC_015,224,3.3,"Мало брендов, но чисто.",Neutral,0.66,"[0.8, 0.4, 0.33]"
USR_0096,Архитектура,LOC_039,657,2.6,"Требует реставрации, но в целом нормально.",Neutral,0.18,"[0.39, 0.58, 0.68]"
USR_0196,Парки и природа,LOC_023,1147,5.0,Прекрасный ландшафтный дизайн.,Positive,0.56,"[0.49, 0.65, 0.43]"
USR_0042,Гастрономия,LOC_015,1100,3.2,"Еда средняя, цены завышены.",Neutral,0.26,"[0.46, 0.49, 0.23]"
USR_0139,Ночная жизнь,LOC_041,766,3.7,"Слишком много людей, не протолкнуться.",Neutral,0.85,"[0.41, 0.34, 0.63]"
USR_0200,Архитектура,LOC_013,523,5.0,Очень красивое историческое место.,Positive,0.41,"[0.72, 0.7, 0.59]"
USR_0136,Ночная жизнь,LOC_040,53,3.1,"Музыка на любителя, но коктейли неплохие.",Neutral,0.48,"[0.72, 0.41, 0.63]"
USR_0001,Архитектура,LOC_017,98,3.0,"Здания как здания, ничего особенного.",Neutral,0.32,"[0.31, 0.25, 0.36]"
USR_0154,Архитектура,LOC_044,1154,2.1,"Все в ужасном состоянии, разруха.",Negative,0.5,"[0.44, 0.49, 0.63]"
USR_0083,Гастрономия,LOC_049,476,2.8,"Нормально перекусить можно, но без изысков.",Neutral,0.29,"[0.69, 0.21, 0.87]"
USR_0126,Гастрономия,LOC_047,14,1.6,"Ужасное обслуживание, ждали час!",Negative,0.33,"[0.2, 0.16, 0.13]"
USR_0005,Архитектура,LOC_050,63,1.1,"Все в ужасном состоянии, разруха.",Negative,0.15,"[0.85, 0.4, 0.06]"
USR_0029,Шопинг,LOC_043,554,4.2,"Огромный выбор магазинов, нашел все что нужно.",Positive,0.74,"[0.36, 0.16, 0.03]"
USR_0093,Гастрономия,LOC_044,12,4.3,Отличное обслуживание и прекрасное меню.,Positive,0.67,"[0.47, 0.79, 0.55]"
USR_0079,Гастрономия,LOC_009,97,3.0,"Нормально перекусить можно, но без изысков.",Neutral,0.17,"[0.56, 0.6, 0.54]"
USR_0062,Гастрономия,LOC_041,407,2.3,"Ужасное обслуживание, ждали час!",Negative,0.39,"[0.86, 0.67, 0.58]"
USR_0015,Музеи и искусство,LOC_007,598,2.9,"Экспозиция небольшая, ожидал большего.",Neutral,0.56,"[0.51, 0.24, 0.59]"
USR_0062,Ночная жизнь,LOC_041,537,3.3,"Музыка на любителя, но коктейли неплохие.",Neutral,0.93,"[0.76, 0.3, 0.03]"
USR_0146,Архитектура,LOC_042,136,4.3,"Великолепная архитектура, обязательно к посещению.",Positive,0.6,"[0.62, 0.46, 0.21]"
USR_0021,Шопинг,LOC_003,632,4.5,"Огромный выбор магазинов, нашел все что нужно.",Positive,0.57,"[0.32, 0.13, 0.22]"
USR_0022,Гастрономия,LOC_020,145,4.9,Обязательно вернусь сюда снова ради этих десертов.,Positive,0.81,"[0.2, 0.21, 0.9]"
USR_0188,Музеи и искусство,LOC_029,206,4.7,Очень познавательно и интересно.,Positive,0.8,"[0.75, 0.35, 0.36]"
USR_0125,Ночная жизнь,LOC_003,696,3.3,"Музыка на любителя, но коктейли неплохие.",Neutral,0.46,"[0.61, 0.46, 0.66]"
USR_0018,Парки и природа,LOC_038,534,3.3,"Можно погулять, если живете рядом.",Neutral,0.56,"[0.25, 0.16, 0.26]"
USR_0195,Парки и природа,LOC_024,955,2.5,"Обычный парк, маловато скамеек.",Neutral,0.84,"[0.78, 0.74, 0.31]"
USR_0137,Гастрономия,LOC_047,545,4.6,Обязательно вернусь сюда снова ради этих десертов.,Positive,0.5,"[0.87, 0.29, 0.55]"
USR_0197,Шопинг,LOC_009,430,4.7,Отличные скидки и приветливый персонал.,Positive,0.85,"[0.34, 0.75, 0.52]"
USR_0033,Шопинг,LOC_006,59,3.1,"Мало брендов, но чисто.",Neutral,0.5,"[0.38, 0.38, 0.1]"
USR_0033,Ночная жизнь,LOC_019,239,3.2,"Музыка на любителя, но коктейли неплохие.",Neutral,0.17,"[0.25, 0.31, 0.85]"
USR_0169,Ночная жизнь,LOC_021,164,2.9,"Слишком много людей, не протолкнуться.",Neutral,0.87,"[0.76, 0.77, 0.79]"
USR_0122,Архитектура,LOC_048,149,1.7,"Все в ужасном состоянии, разруха.",Negative,0.71,"[0.77, 0.5, 0.62]"
USR_0141,Гастрономия,LOC_027,1816,3.5,"Еда средняя, цены завышены.",Neutral,0.53,"[0.88, 0.49, 0.69]"
USR_0043,Парки и природа,LOC_012,259,4.1,"Очень зелено, свежий воздух, идеально для отдыха.",Positive,0.87,"[0.73, 0.77, 0.41]"
USR_0068,Архитектура,LOC_013,1123,4.4,"Великолепная архитектура, обязательно к посещению.",Positive,0.78,"[0.52, 0.51, 0.02]"
USR_0136,Шопинг,LOC_009,508,4.2,Отличные скидки и приветливый персонал.,Positive,0.68,"[0.28, 0.15, 0.57]"
USR_0156,Архитектура,LOC_035,801,2.9,"Здания как здания, ничего особенного.",Neutral,0.63,"[0.9, 0.57, 0.21]"
USR_0109,Парки и природа,LOC_024,359,3.5,"Можно погулять, если живете рядом.",Neutral,0.2,"[0.42, 0.77, 0.46]"
USR_0055,Шопинг,LOC_034,440,2.4,"Хамоватый персонал, обсчитали на кассе.",Negative,0.74,"[0.21, 0.68, 0.22]"
USR_0139,Ночная жизнь,LOC_033,349,4.4,"Замечательная атмосфера, танцевали до утра.",Positive,0.25,"[0.27, 0.57, 0.74]"
USR_0194,Музеи и искусство,LOC_018,118,4.3,Экспозиция просто восторг!,Positive,0.94,"[0.25, 0.75, 0.43]"
USR_0187,Музеи и искусство,LOC_011,650,4.3,Экспозиция просто восторг!,Positive,0.93,"[0.45, 0.73, 0.24]"
USR_0177,Ночная жизнь,LOC_017,174,4.1,Лучшая вечеринка года!,Positive,0.79,"[0.86, 0.58, 0.82]"
USR_0052,Гастрономия,LOC_031,22,4.4,Отличное обслуживание и прекрасное меню.,Positive,0.21,"[0.55, 0.24, 0.66]"
USR_0183,Архитектура,LOC_019,528,2.8,"Здания как здания, ничего особенного.",Neutral,0.46,"[0.81, 0.24, 0.18]"
USR_0080,Шопинг,LOC_048,107,1.2,"Хамоватый персонал, обсчитали на кассе.",Negative,0.94,"[0.37, 0.53, 0.14]"
USR_0103,Ночная жизнь,LOC_022,1420,4.6,"Замечательная атмосфера, танцевали до утра.",Positive,0.47,"[0.27, 0.74, 0.61]"
USR_0172,Ночная жизнь,LOC_008,1548,4.8,Лучшая вечеринка года!,Positive,0.95,"[0.66, 0.53, 0.69]"
USR_0167,Гастрономия,LOC_030,1241,4.5,Обязательно вернусь сюда снова ради этих десертов.,Positive,0.63,"[0.58, 0.13, 0.43]"
USR_0096,Архитектура,LOC_005,241,4.3,"Великолепная архитектура, обязательно к посещению.",Positive,0.81,"[0.63, 0.44, 0.89]"
USR_0113,Ночная жизнь,LOC_010,17,4.9,Отличная музыка и вкусные коктейли.,Positive,0.32,"[0.83, 0.71, 0.44]"
USR_0133,Парки и природа,LOC_049,1327,5.0,Тихое и спокойное место для прогулок.,Positive,0.87,"[0.89, 0.74, 0.25]"
USR_0116,Ночная жизнь,LOC_015,289,4.4,Лучшая вечеринка года!,Positive,0.88,"[0.36, 0.5, 0.05]"
USR_0031,Шопинг,LOC_044,1710,4.5,Прекрасный торговый центр с удобной парковкой.,Positive,0.16,"[0.76, 0.43, 0.49]"
USR_0064,Архитектура,LOC_047,1666,1.9,"Фасады обшарпаны, неприятно смотреть.",Negative,0.43,"[0.55, 0.38, 0.62]"
USR_0058,Шопинг,LOC_044,968,4.5,"Огромный выбор магазинов, нашел все что нужно.",Positive,0.44,"[0.32, 0.78, 0.63]"
USR_0017,Архитектура,LOC_026,184,3.1,"Требует реставрации, но в целом нормально.",Neutral,0.38,"[0.52, 0.58, 0.01]"
USR_0087,Парки и природа,LOC_036,253,2.0,"Много мусора, неприятно гулять.",Negative,0.33,"[0.35, 0.51, 0.29]"
USR_0006,Шопинг,LOC_024,962,3.0,"Мало брендов, но чисто.",Neutral,0.49,"[0.63, 0.28, 0.49]"
USR_0151,Музеи и искусство,LOC_006,200,4.6,Экспозиция просто восторг!,Positive,0.84,"[0.37, 0.43, 0.55]"
USR_0142,Ночная жизнь,LOC_026,102,4.6,Лучшая вечеринка года!,Positive,0.77,"[0.46, 0.45, 0.19]"
USR_0059,Парки и природа,LOC_001,416,4.5,"Очень зелено, свежий воздух, идеально для отдыха.",Positive,0.63,"[0.69, 0.36, 0.77]"
USR_0151,Архитектура,LOC_017,1385,2.9,"Здания как здания, ничего особенного.",Neutral,0.54,"[0.4, 0.23, 0.12]"
USR_0057,Шопинг,LOC_035,605,2.0,"Хамоватый персонал, обсчитали на кассе.",Negative,0.46,"[0.6, 0.26, 0.09]"
USR_0002,Ночная жизнь,LOC_008,432,5.0,Лучшая вечеринка года!,Positive,0.45,"[0.39, 0.27, 0.39]"
USR_0019,Парки и природа,LOC_030,61,4.8,"Очень зелено, свежий воздух, идеально для отдыха.",Positive,0.23,"[0.47, 0.2, 0.86]"
USR_0182,Архитектура,LOC_024,487,4.9,Очень красивое историческое место.,Positive,0.6,"[0.3, 0.66, 0.16]"
USR_0162,Музеи и искусство,LOC_044,2315,2.8,"Экспозиция небольшая, ожидал большего.",Neutral,0.74,"[0.55, 0.8, 0.76]"
USR_0016,Музеи и искусство,LOC_048,85,4.5,Экспозиция просто восторг!,Positive,0.9,"[0.56, 0.6, 0.71]"
USR_0059,Архитектура,LOC_044,375,4.1,Очень красивое историческое место.,Positive,0.89,"[0.41, 0.49, 0.51]"
USR_0018,Музеи и искусство,LOC_017,1059,4.5,Экспозиция просто восторг!,Positive,0.58,"[0.48, 0.58, 0.05]"
USR_0009,Парки и природа,LOC_038,685,4.6,Прекрасный ландшафтный дизайн.,Positive,0.19,"[0.77, 0.43, 0.57]"
USR_0085,Ночная жизнь,LOC_025,607,4.3,"Замечательная атмосфера, танцевали до утра.",Positive,0.34,"[0.51, 0.33, 0.32]"
USR_0019,Музеи и искусство,LOC_041,616,2.7,"Некоторые залы закрыты, но в целом пойдет.",Neutral,0.56,"[0.59, 0.75, 0.23]"
USR_0132,Ночная жизнь,LOC_024,232,2.0,"Ужасная охрана, плохой алкоголь.",Negative,0.39,"[0.21, 0.18, 0.78]"
USR_0061,Гастрономия,LOC_007,183,4.3,Обязательно вернусь сюда снова ради этих десертов.,Positive,0.45,"[0.87, 0.24, 0.52]"
USR_0072,Музеи и искусство,LOC_044,838,3.2,"Некоторые залы закрыты, но в целом пойдет.",Neutral,0.43,"[0.65, 0.22, 0.7]"
USR_0172,Гастрономия,LOC_015,840,2.9,"Еда средняя, цены завышены.",Neutral,0.51,"[0.45, 0.57, 0.44]"
USR_0125,Ночная жизнь,LOC_031,1018,3.0,"Слишком много людей, не протолкнуться.",Neutral,0.62,"[0.72, 0.72, 0.34]"
USR_0055,Шопинг,LOC_002,1232,3.9,"Мало брендов, но чисто.",Neutral,0.13,"[0.4, 0.54, 0.13]"
USR_0139,Ночная жизнь,LOC_040,368,4.8,"Замечательная атмосфера, танцевали до утра.",Positive,0.33,"[0.32, 0.67, 0.3]"
USR_0034,Парки и природа,LOC_036,358,3.5,"Обычный парк, маловато скамеек.",Neutral,0.22,"[0.64, 0.5, 0.76]"
USR_0186,Шопинг,LOC_021,810,4.5,Прекрасный торговый центр с удобной парковкой.,Positive,0.62,"[0.25, 0.21, 0.21]"
USR_0147,Шопинг,LOC_040,534,2.1,"Хамоватый персонал, обсчитали на кассе.",Negative,0.69,"[0.42, 0.3, 0.24]"
USR_0148,Музеи и искусство,LOC_015,615,3.3,"Экспозиция небольшая, ожидал большего.",Neutral,0.13,"[0.65, 0.29, 0.4]"
USR_0122,Музеи и искусство,LOC_042,804,3.3,"Экспозиция небольшая, ожидал большего.",Neutral,0.86,"[0.8, 0.35, 0.53]"
USR_0063,Музеи и искусство,LOC_005,1113,4.6,Экспозиция просто восторг!,Positive,0.38,"[0.88, 0.39, 0.17]"
USR_0122,Ночная жизнь,LOC_041,216,3.7,"Музыка на любителя, но коктейли неплохие.",Neutral,0.3,"[0.22, 0.61, 0.6]"
USR_0105,Шопинг,LOC_030,245,4.7,"Огромный выбор магазинов, нашел все что нужно.",Positive,0.73,"[0.86, 0.59, 0.07]"
USR_0049,Парки и природа,LOC_045,59,4.9,Тихое и спокойное место для прогулок.,Positive,0.88,"[0.32, 0.17, 0.06]"
USR_0025,Парки и природа,LOC_020,441,4.0,Тихое и спокойное место для прогулок.,Positive,0.86,"[0.82, 0.48, 0.02]"
USR_0025,Гастрономия,LOC_042,28,4.2,Обязательно вернусь сюда снова ради этих десертов.,Positive,0.12,"[0.48, 0.64, 0.07]"
USR_0169,Архитектура,LOC_027,323,3.1,"Требует реставрации, но в целом нормально.",Neutral,0.79,"[0.38, 0.21, 0.59]"
USR_0111,Парки и природа,LOC_008,401,3.8,"Можно погулять, если живете рядом.",Neutral,0.36,"[0.82, 0.32, 0.22]"
USR_0091,Музеи и искусство,LOC_009,178,2.0,"Зря потратили время, экспонатов почти нет.",Negative,0.34,"[0.4, 0.54, 0.12]"
USR_0109,Гастрономия,LOC_003,456,4.1,Отличное обслуживание и прекрасное меню.,Positive,0.52,"[0.79, 0.12, 0.6]"
USR_0106,Музеи и искусство,LOC_003,25,4.3,Экспозиция просто восторг!,Positive,0.69,"[0.8, 0.33, 0.43]"
USR_0120,Шопинг,LOC_020,29,3.2,"Обычный ТЦ, цены как везде.",Neutral,0.18,"[0.88, 0.48, 0.25]"
USR_0187,Шопинг,LOC_032,874,4.2,Отличные скидки и приветливый персонал.,Positive,0.84,"[0.51, 0.78, 0.63]"
USR_0014,Ночная жизнь,LOC_008,233,1.5,"Ужасная охрана, плохой алкоголь.",Negative,0.21,"[0.32, 0.52, 0.57]"
USR_0173,Музеи и искусство,LOC_007,77,4.8,Экспозиция просто восторг!,Positive,0.93,"[0.65, 0.49, 0.47]"
USR_0168,Парки и природа,LOC_016,379,3.4,"Можно погулять, если живете рядом.",Neutral,0.48,"[0.65, 0.32, 0.31]"
USR_0166,Архитектура,LOC_035,744,3.4,"Здания как здания, ничего особенного.",Neutral,0.8,"[0.58, 0.66, 0.4]"
USR_0026,Музеи и искусство,LOC_009,131,4.2,Современное искусство на высшем уровне.,Positive,0.33,"[0.46, 0.28, 0.27]"
USR_0016,Парки и природа,LOC_025,497,4.2,"Очень зелено, свежий воздух, идеально для отдыха.",Positive,0.45,"[0.2, 0.67, 0.76]"
USR_0104,Гастрономия,LOC_030,54,1.4,"Ужасное обслуживание, ждали час!",Negative,0.65,"[0.44, 0.43, 0.01]"
USR_0187,Музеи и искусство,LOC_024,36,4.2,Современное искусство на высшем уровне.,Positive,0.26,"[0.85, 0.76, 0.43]"
USR_0087,Гастрономия,LOC_043,388,2.9,"Еда средняя, цены завышены.",Neutral,0.28,"[0.21, 0.4, 0.26]"
USR_0028,Парки и природа,LOC_048,398,4.9,Прекрасный ландшафтный дизайн.,Positive,0.8,"[0.36, 0.11, 0.34]"
USR_0064,Парки и природа,LOC_045,517,2.9,"Можно погулять, если живете рядом.",Neutral,0.73,"[0.49, 0.49, 0.36]"
USR_0050,Парки и природа,LOC_035,657,4.7,"Очень зелено, свежий воздух, идеально для отдыха.",Positive,0.75,"[0.31, 0.62, 0.35]"
USR_0049,Парки и природа,LOC_027,1871,5.0,Прекрасный ландшафтный дизайн.,Positive,0.84,"[0.46, 0.28, 0.38]"
USR_0138,Шопинг,LOC_038,373,3.8,"Обычный ТЦ, цены как везде.",Neutral,0.8,"[0.37, 0.64, 0.82]"
USR_0115,Ночная жизнь,LOC_048,205,2.9,"Музыка на любителя, но коктейли неплохие.",Neutral,0.54,"[0.77, 0.58, 0.26]"
USR_0036,Парки и природа,LOC_047,802,4.7,"Очень зелено, свежий воздух, идеально для отдыха.",Positive,0.24,"[0.72, 0.67, 0.37]"
USR_0109,Шопинг,LOC_010,167,4.4,Отличные скидки и приветливый персонал.,Positive,0.36,"[0.8, 0.23, 0.26]"
USR_0047,Архитектура,LOC_027,298,4.5,Потрясающие фасады зданий!,Positive,0.53,"[0.65, 0.53, 0.24]"
USR_0072,Шопинг,LOC_042,50,4.5,"Огромный выбор магазинов, нашел все что нужно.",Positive,0.22,"[0.64, 0.23, 0.02]"
USR_0119,Гастрономия,LOC_007,22,2.0,"Еда холодная и невкусная, не советую.",Negative,0.82,"[0.23, 0.47, 0.17]"
USR_0064,Архитектура,LOC_032,1653,4.6,"Великолепная архитектура, обязательно к посещению.",Positive,0.85,"[0.27, 0.29, 0.64]"
USR_0020,Гастрономия,LOC_040,913,4.2,Обязательно вернусь сюда снова ради этих десертов.,Positive,0.12,"[0.71, 0.26, 0.14]"
USR_0114,Ночная жизнь,LOC_027,605,3.2,"Музыка на любителя, но коктейли неплохие.",Neutral,0.26,"[0.55, 0.34, 0.28]"
USR_0141,Музеи и искусство,LOC_018,272,2.6,"Некоторые залы закрыты, но в целом пойдет.",Neutral,0.81,"[0.76, 0.8, 0.42]"
USR_0026,Музеи и искусство,LOC_003,105,4.7,Очень познавательно и интересно.,Positive,0.81,"[0.75, 0.33, 0.76]"
USR_0013,Шопинг,LOC_045,95,4.8,Отличные скидки и приветливый персонал.,Positive,0.31,"[0.87, 0.14, 0.7]"
USR_0167,Гастрономия,LOC_024,154,4.6,"Невероятно вкусно, лучший ресторан в городе!",Positive,0.49,"[0.25, 0.43, 0.17]"
USR_0139,Ночная жизнь,LOC_014,408,1.6,"Музыка слишком громкая, контингент сомнительный.",Negative,0.88,"[0.79, 0.67, 0.75]"
USR_0004,Музеи и искусство,LOC_029,636,2.2,"Зря потратили время, экспонатов почти нет.",Negative,0.7,"[0.29, 0.64, 0.22]"
USR_0024,Ночная жизнь,LOC_029,549,4.2,Отличная музыка и вкусные коктейли.,Positive,0.33,"[0.74, 0.41, 0.66]"
USR_0193,Ночная жизнь,LOC_016,174,1.4,"Ужасная охрана, плохой алкоголь.",Negative,0.8,"[0.22, 0.42, 0.69]"
USR_0061,Музеи и искусство,LOC_024,1559,3.8,"Экспозиция небольшая, ожидал большего.",Neutral,0.53,"[0.56, 0.79, 0.43]"
USR_0043,Музеи и искусство,LOC_007,679,4.6,Экспозиция просто восторг!,Positive,0.64,"[0.68, 0.32, 0.29]"
USR_0105,Архитектура,LOC_044,414,4.7,Потрясающие фасады зданий!,Positive,0.21,"[0.64, 0.13, 0.84]"
USR_0125,Архитектура,LOC_024,483,2.3,"Все в ужасном состоянии, разруха.",Negative,0.13,"[0.56, 0.28, 0.57]"
USR_0124,Парки и природа,LOC_035,282,4.9,Тихое и спокойное место для прогулок.,Positive,0.42,"[0.34, 0.72, 0.78]"
USR_0055,Гастрономия,LOC_042,152,4.9,Отличное обслуживание и прекрасное меню.,Positive,0.6,"[0.35, 0.18, 0.57]"
USR_0103,Музеи и искусство,LOC_023,230,1.6,"Скучно, неинтересно и дорого.",Negative,0.25,"[0.43, 0.22, 0.25]"
USR_0016,Ночная жизнь,LOC_004,719,4.9,Лучшая вечеринка года!,Positive,0.84,"[0.28, 0.65, 0.01]"
USR_0043,Гастрономия,LOC_026,17,2.3,"Ужасное обслуживание, ждали час!",Negative,0.6,"[0.23, 0.65, 0.43]"
USR_0098,Парки и природа,LOC_018,71,1.0,"Парк не ухожен, трава высохла.",Negative,0.4,"[0.62, 0.36, 0.08]"
USR_0001,Ночная жизнь,LOC_013,33,4.1,"Замечательная атмосфера, танцевали до утра.",Positive,0.24,"[0.31, 0.16, 0.56]"
USR_0100,Шопинг,LOC_008,30,1.4,"Цены космос, выбор нулевой.",Negative,0.86,"[0.85, 0.8, 0.56]"
USR_0068,Парки и природа,LOC_030,977,1.8,"Парк не ухожен, трава высохла.",Negative,0.74,"[0.24, 0.55, 0.63]"
USR_0117,Музеи и искусство,LOC_006,618,4.9,Очень познавательно и интересно.,Positive,0.69,"[0.75, 0.19, 0.21]"
USR_0074,Шопинг,LOC_043,331,1.7,"Цены космос, выбор нулевой.",Negative,0.34,"[0.89, 0.65, 0.68]"
USR_0109,Шопинг,LOC_014,61,4.1,"Огромный выбор магазинов, нашел все что нужно.",Positive,0.43,"[0.76, 0.41, 0.17]"
USR_0179,Парки и природа,LOC_042,348,4.5,Прекрасный ландшафтный дизайн.,Positive,0.24,"[0.68, 0.35, 0.12]"
USR_0188,Музеи и искусство,LOC_041,330,4.2,Современное искусство на высшем уровне.,Positive,0.59,"[0.83, 0.44, 0.39]"
USR_0143,Ночная жизнь,LOC_039,105,3.6,"Музыка на любителя, но коктейли неплохие.",Neutral,0.92,"[0.41, 0.59, 0.17]"
USR_0170,Шопинг,LOC_002,294,4.8,Отличные скидки и приветливый персонал.,Positive,0.83,"[0.33, 0.34, 0.66]"
USR_0184,Парки и природа,LOC_004,264,4.9,Тихое и спокойное место для прогулок.,Positive,0.65,"[0.39, 0.68, 0.82]"
USR_0125,Парки и природа,LOC_022,488,2.2,"Парк не ухожен, трава высохла.",Negative,0.68,"[0.59, 0.15, 0.14]"
USR_0040,Ночная жизнь,LOC_016,514,4.1,Лучшая вечеринка года!,Positive,0.33,"[0.41, 0.28, 0.33]"
USR_0049,Музеи и искусство,LOC_009,33,2.8,"Некоторые залы закрыты, но в целом пойдет.",Neutral,0.45,"[0.2, 0.55, 0.34]"
USR_0076,Парки и природа,LOC_037,244,4.3,Тихое и спокойное место для прогулок.,Positive,0.12,"[0.33, 0.11, 0.77]"
USR_0056,Парки и природа,LOC_014,501,4.3,Прекрасный ландшафтный дизайн.,Positive,0.76,"[0.74, 0.27, 0.65]"
USR_0015,Парки и природа,LOC_005,359,4.8,"Очень зелено, свежий воздух, идеально для отдыха.",Positive,0.75,"[0.66, 0.48, 0.35]"
USR_0149,Гастрономия,LOC_049,980,1.4,"Еда холодная и невкусная, не советую.",Negative,0.11,"[0.57, 0.45, 0.5]"
USR_0189,Архитектура,LOC_036,547,2.5,"Здания как здания, ничего особенного.",Neutral,0.87,"[0.63, 0.33, 0.58]"
USR_0139,Ночная жизнь,LOC_014,98,3.5,"Слишком много людей, не протолкнуться.",Neutral,0.65,"[0.28, 0.47, 0.06]"
USR_0016,Гастрономия,LOC_038,46,4.1,Обязательно вернусь сюда снова ради этих десертов.,Positive,0.61,"[0.78, 0.19, 0.79]"
USR_0192,Парки и природа,LOC_014,524,4.4,"Очень зелено, свежий воздух, идеально для отдыха.",Positive,0.11,"[0.34, 0.44, 0.09]"
USR_0081,Архитектура,LOC_015,23,4.9,"Великолепная архитектура, обязательно к посещению.",Positive,0.31,"[0.6, 0.69, 0.59]"
USR_0015,Ночная жизнь,LOC_022,450,2.9,"Музыка на любителя, но коктейли неплохие.",Neutral,0.78,"[0.57, 0.59, 0.23]"
USR_0013,Шопинг,LOC_050,1418,4.9,"Огромный выбор магазинов, нашел все что нужно.",Positive,0.36,"[0.46, 0.52, 0.06]"
USR_0150,Ночная жизнь,LOC_010,438,4.6,Лучшая вечеринка года!,Positive,0.92,"[0.85, 0.25, 0.44]"
USR_0123,Гастрономия,LOC_039,255,4.1,"Невероятно вкусно, лучший ресторан в городе!",Positive,0.65,"[0.82, 0.16, 0.72]"
USR_0129,Гастрономия,LOC_001,525,4.7,Отличное обслуживание и прекрасное меню.,Positive,0.46,"[0.24, 0.49, 0.84]"
USR_0136,Гастрономия,LOC_018,316,3.1,"Еда средняя, цены завышены.",Neutral,0.42,"[0.49, 0.36, 0.64]"
USR_0041,Ночная жизнь,LOC_010,404,4.5,Отличная музыка и вкусные коктейли.,Positive,0.4,"[0.78, 0.29, 0.04]"
USR_0015,Музеи и искусство,LOC_009,1429,4.7,Современное искусство на высшем уровне.,Positive,0.31,"[0.25, 0.31, 0.85]"
USR_0131,Парки и природа,LOC_035,253,4.2,Прекрасный ландшафтный дизайн.,Positive,0.5,"[0.87, 0.17, 0.65]"
USR_0021,Ночная жизнь,LOC_017,1634,3.7,"Музыка на любителя, но коктейли неплохие.",Neutral,0.68,"[0.57, 0.23, 0.47]"
USR_0048,Шопинг,LOC_012,1188,4.4,Отличные скидки и приветливый персонал.,Positive,0.8,"[0.37, 0.54, 0.16]"
USR_0018,Шопинг,LOC_008,118,2.6,"Обычный ТЦ, цены как везде.",Neutral,0.44,"[0.72, 0.39, 0.09]"
USR_0153,Шопинг,LOC_043,45,4.1,"Огромный выбор магазинов, нашел все что нужно.",Positive,0.19,"[0.65, 0.35, 0.41]"
USR_0018,Парки и природа,LOC_002,63,4.5,Тихое и спокойное место для прогулок.,Positive,0.53,"[0.67, 0.72, 0.15]"
USR_0173,Архитектура,LOC_009,19,4.1,"Великолепная архитектура, обязательно к посещению.",Positive,0.66,"[0.33, 0.38, 0.3]"
USR_0061,Гастрономия,LOC_001,59,4.5,"Невероятно вкусно, лучший ресторан в городе!",Positive,0.82,"[0.31, 0.8, 0.4]"
USR_0104,Парки и природа,LOC_023,584,4.2,Прекрасный ландшафтный дизайн.,Positive,0.42,"[0.45, 0.32, 0.89]"
USR_0031,Гастрономия,LOC_016,46,4.1,"Невероятно вкусно, лучший ресторан в городе!",Positive,0.65,"[0.43, 0.36, 0.69]"
USR_0146,Парки и природа,LOC_038,202,4.8,Тихое и спокойное место для прогулок.,Positive,0.62,"[0.5, 0.61, 0.55]"
USR_0064,Гастрономия,LOC_021,941,4.5,Отличное обслуживание и прекрасное меню.,Positive,0.35,"[0.59, 0.25, 0.69]"
USR_0149,Парки и природа,LOC_002,21,4.1,"Очень зелено, свежий воздух, идеально для отдыха.",Positive,0.19,"[0.85, 0.28, 0.87]"
USR_0153,Архитектура,LOC_012,852,4.8,"Великолепная архитектура, обязательно к посещению.",Positive,0.15,"[0.51, 0.38, 0.65]"
USR_0011,Ночная жизнь,LOC_017,175,3.1,"Слишком много людей, не протолкнуться.",Neutral,0.94,"[0.89, 0.52, 0.47]"
USR_0159,Шопинг,LOC_004,72,3.5,"Обычный ТЦ, цены как везде.",Neutral,0.64,"[0.9, 0.31, 0.27]"
USR_0021,Гастрономия,LOC_009,606,4.0,Отличное обслуживание и прекрасное меню.,Positive,0.83,"[0.36, 0.7, 0.02]"
USR_0108,Парки и природа,LOC_048,505,4.1,Тихое и спокойное место для прогулок.,Positive,0.32,"[0.78, 0.58, 0.25]"
USR_0169,Архитектура,LOC_027,1059,2.3,"Фасады обшарпаны, неприятно смотреть.",Negative,0.7,"[0.59, 0.49, 0.83]"
USR_0150,Архитектура,LOC_034,674,4.9,"Великолепная архитектура, обязательно к посещению.",Positive,0.86,"[0.31, 0.13, 0.32]"
USR_0145,Шопинг,LOC_008,823,4.4,"Огромный выбор магазинов, нашел все что нужно.",Positive,0.35,"[0.3, 0.36, 0.52]"
USR_0134,Парки и природа,LOC_048,175,3.6,"Обычный парк, маловато скамеек.",Neutral,0.23,"[0.36, 0.67, 0.08]"
USR_0081,Ночная жизнь,LOC_005,107,1.9,"Музыка слишком громкая, контингент сомнительный.",Negative,0.75,"[0.48, 0.74, 0.66]"
USR_0067,Гастрономия,LOC_031,704,5.0,Отличное обслуживание и прекрасное меню.,Positive,0.86,"[0.71, 0.66, 0.16]"
USR_0053,Ночная жизнь,LOC_029,832,4.9,Отличная музыка и вкусные коктейли.,Positive,0.78,"[0.78, 0.58, 0.52]"
USR_0172,Музеи и искусство,LOC_050,2338,1.5,"Скучно, неинтересно и дорого.",Negative,0.78,"[0.84, 0.52, 0.27]"
USR_0184,Архитектура,LOC_024,276,3.4,"Требует реставрации, но в целом нормально.",Neutral,0.61,"[0.71, 0.5, 0.07]"
USR_0081,Архитектура,LOC_033,242,4.7,"Великолепная архитектура, обязательно к посещению.",Positive,0.66,"[0.24, 0.64, 0.31]"
USR_0062,Шопинг,LOC_038,758,4.2,Прекрасный торговый центр с удобной парковкой.,Positive,0.68,"[0.77, 0.39, 0.78]"
USR_0068,Парки и природа,LOC_007,218,4.5,Прекрасный ландшафтный дизайн.,Positive,0.71,"[0.81, 0.26, 0.59]"
USR_0102,Музеи и искусство,LOC_029,1345,2.8,"Некоторые залы закрыты, но в целом пойдет.",Neutral,0.66,"[0.62, 0.11, 0.7]"
USR_0034,Музеи и искусство,LOC_033,987,4.0,Очень познавательно и интересно.,Positive,0.95,"[0.47, 0.31, 0.04]"
USR_0172,Музеи и искусство,LOC_015,290,4.7,Очень познавательно и интересно.,Positive,0.32,"[0.58, 0.2, 0.45]"
USR_0166,Парки и природа,LOC_040,704,4.5,Прекрасный ландшафтный дизайн.,Positive,0.46,"[0.35, 0.14, 0.66]"
USR_0077,Гастрономия,LOC_003,712,2.8,"Нормально перекусить можно, но без изысков.",Neutral,0.43,"[0.48, 0.41, 0.54]"
USR_0118,Архитектура,LOC_047,64,4.3,Потрясающие фасады зданий!,Positive,0.13,"[0.55, 0.26, 0.26]"
USR_0081,Парки и природа,LOC_043,1174,2.0,"Парк не ухожен, трава высохла.",Negative,0.7,"[0.48, 0.19, 0.07]"
USR_0193,Музеи и искусство,LOC_034,361,4.8,Современное искусство на высшем уровне.,Positive,0.59,"[0.6, 0.13, 0.36]"
USR_0019,Архитектура,LOC_020,885,4.8,Потрясающие фасады зданий!,Positive,0.26,"[0.26, 0.45, 0.7]"
USR_0003,Архитектура,LOC_030,202,1.0,"Фасады обшарпаны, неприятно смотреть.",Negative,0.72,"[0.29, 0.19, 0.5]"
USR_0118,Музеи и искусство,LOC_042,1139,4.1,Экспозиция просто восторг!,Positive,0.29,"[0.54, 0.56, 0.18]"
USR_0160,Музеи и искусство,LOC_002,256,4.6,Очень познавательно и интересно.,Positive,0.55,"[0.63, 0.61, 0.22]"
USR_0145,Архитектура,LOC_004,15,2.6,"Здания как здания, ничего особенного.",Neutral,0.77,"[0.25, 0.64, 0.29]"
USR_0026,Шопинг,LOC_031,1188,3.1,"Обычный ТЦ, цены как везде.",Neutral,0.87,"[0.85, 0.16, 0.6]"
USR_0019,Ночная жизнь,LOC_026,57,4.2,Лучшая вечеринка года!,Positive,0.67,"[0.5, 0.34, 0.29]"
USR_0138,Ночная жизнь,LOC_028,202,1.1,"Ужасная охрана, плохой алкоголь.",Negative,0.53,"[0.62, 0.12, 0.27]"
USR_0055,Архитектура,LOC_044,1508,4.3,Потрясающие фасады зданий!,Positive,0.82,"[0.89, 0.53, 0.89]"
USR_0130,Гастрономия,LOC_007,1513,3.5,"Еда средняя, цены завышены.",Neutral,0.81,"[0.51, 0.2, 0.04]"
USR_0068,Гастрономия,LOC_032,435,4.6,"Невероятно вкусно, лучший ресторан в городе!",Positive,0.85,"[0.77, 0.24, 0.34]"
USR_0034,Шопинг,LOC_046,509,2.9,"Обычный ТЦ, цены как везде.",Neutral,0.25,"[0.73, 0.7, 0.1]"
USR_0090,Парки и природа,LOC_029,307,4.1,"Очень зелено, свежий воздух, идеально для отдыха.",Positive,0.18,"[0.24, 0.76, 0.83]"
USR_0018,Архитектура,LOC_005,183,2.8,"Требует реставрации, но в целом нормально.",Neutral,0.21,"[0.81, 0.67, 0.01]"
USR_0063,Гастрономия,LOC_006,209,4.1,Отличное обслуживание и прекрасное меню.,Positive,0.32,"[0.69, 0.18, 0.41]"
USR_0095,Архитектура,LOC_021,568,2.2,"Все в ужасном состоянии, разруха.",Negative,0.79,"[0.22, 0.25, 0.48]"
USR_0073,Шопинг,LOC_039,707,1.9,"Хамоватый персонал, обсчитали на кассе.",Negative,0.75,"[0.34, 0.47, 0.23]"
USR_0041,Музеи и искусство,LOC_010,794,4.5,Экспозиция просто восторг!,Positive,0.26,"[0.54, 0.61, 0.13]"
USR_0113,Шопинг,LOC_005,789,2.3,"Цены космос, выбор нулевой.",Negative,0.68,"[0.69, 0.11, 0.52]"
USR_0140,Шопинг,LOC_009,57,3.6,"Обычный ТЦ, цены как везде.",Neutral,0.39,"[0.66, 0.13, 0.15]"
USR_0181,Шопинг,LOC_018,351,4.4,Отличные скидки и приветливый персонал.,Positive,0.18,"[0.4, 0.65, 0.56]"
USR_0078,Гастрономия,LOC_040,39,4.4,"Невероятно вкусно, лучший ресторан в городе!",Positive,0.4,"[0.24, 0.56, 0.01]"
USR_0157,Шопинг,LOC_041,408,3.2,"Мало брендов, но чисто.",Neutral,0.73,"[0.47, 0.29, 0.77]"
USR_0168,Музеи и искусство,LOC_038,301,2.9,"Экспозиция небольшая, ожидал большего.",Neutral,0.36,"[0.66, 0.7, 0.02]"
USR_0136,Музеи и искусство,LOC_036,1103,3.6,"Экспозиция небольшая, ожидал большего.",Neutral,0.77,"[0.81, 0.55, 0.21]"
USR_0003,Музеи и искусство,LOC_046,226,1.8,"Скучно, неинтересно и дорого.",Negative,0.38,"[0.47, 0.78, 0.09]"
USR_0171,Парки и природа,LOC_021,72,1.8,"Парк не ухожен, трава высохла.",Negative,0.32,"[0.42, 0.71, 0.48]"
USR_0142,Шопинг,LOC_025,87,4.2,"Огромный выбор магазинов, нашел все что нужно.",Positive,0.35,"[0.33, 0.45, 0.41]"
USR_0077,Музеи и искусство,LOC_039,726,4.6,Современное искусство на высшем уровне.,Positive,0.82,"[0.85, 0.12, 0.22]"
USR_0170,Парки и природа,LOC_034,491,2.2,"Много мусора, неприятно гулять.",Negative,0.5,"[0.57, 0.33, 0.35]"
USR_0027,Шопинг,LOC_019,63,4.7,"Огромный выбор магазинов, нашел все что нужно.",Positive,0.84,"[0.31, 0.34, 0.32]"
USR_0035,Шопинг,LOC_030,53,4.3,"Огромный выбор магазинов, нашел все что нужно.",Positive,0.6,"[0.64, 0.27, 0.88]"
USR_0068,Архитектура,LOC_033,613,3.3,"Здания как здания, ничего особенного.",Neutral,0.9,"[0.55, 0.67, 0.56]"
USR_0030,Шопинг,LOC_039,47,1.3,"Цены космос, выбор нулевой.",Negative,0.16,"[0.82, 0.72, 0.73]"
USR_0028,Ночная жизнь,LOC_028,872,3.5,"Музыка на любителя, но коктейли неплохие.",Neutral,0.86,"[0.22, 0.49, 0.25]"
USR_0191,Архитектура,LOC_007,622,4.5,Очень красивое историческое место.,Positive,0.53,"[0.31, 0.73, 0.59]"
USR_0142,Гастрономия,LOC_045,52,1.5,"Еда холодная и невкусная, не советую.",Negative,0.84,"[0.26, 0.37, 0.86]"
USR_0040,Ночная жизнь,LOC_008,54,1.0,"Музыка слишком громкая, контингент сомнительный.",Negative,0.42,"[0.63, 0.54, 0.2]"
USR_0070,Гастрономия,LOC_042,2167,2.3,"Еда холодная и невкусная, не советую.",Negative,0.35,"[0.37, 0.21, 0.87]"
USR_0073,Парки и природа,LOC_042,244,5.0,Тихое и спокойное место для прогулок.,Positive,0.15,"[0.84, 0.33, 0.49]"
USR_0155,Ночная жизнь,LOC_050,241,4.2,"Замечательная атмосфера, танцевали до утра.",Positive,0.83,"[0.34, 0.2, 0.49]"
USR_0054,Архитектура,LOC_036,847,2.8,"Требует реставрации, но в целом нормально.",Neutral,0.22,"[0.76, 0.7, 0.28]"
USR_0184,Гастрономия,LOC_047,1481,1.8,"Ужасное обслуживание, ждали час!",Negative,0.27,"[0.69, 0.47, 0.12]"
USR_0088,Гастрономия,LOC_014,2144,3.0,"Нормально перекусить можно, но без изысков.",Neutral,0.45,"[0.9, 0.78, 0.13]"
USR_0053,Гастрономия,LOC_028,709,4.4,"Невероятно вкусно, лучший ресторан в городе!",Positive,0.58,"[0.85, 0.74, 0.29]"
USR_0176,Шопинг,LOC_029,246,4.5,Отличные скидки и приветливый персонал.,Positive,0.87,"[0.59, 0.76, 0.11]"
USR_0163,Архитектура,LOC_015,53,4.1,"Великолепная архитектура, обязательно к посещению.",Positive,0.49,"[0.42, 0.72, 0.65]"
USR_0068,Гастрономия,LOC_027,760,1.7,"Еда холодная и невкусная, не советую.",Negative,0.37,"[0.74, 0.72, 0.37]"
USR_0130,Архитектура,LOC_022,418,3.8,"Здания как здания, ничего особенного.",Neutral,0.71,"[0.49, 0.41, 0.84]"
USR_0126,Музеи и искусство,LOC_030,286,4.4,Очень познавательно и интересно.,Positive,0.76,"[0.83, 0.75, 0.25]"
USR_0065,Музеи и искусство,LOC_026,1194,4.2,Очень познавательно и интересно.,Positive,0.51,"[0.75, 0.17, 0.17]"
USR_0014,Ночная жизнь,LOC_027,68,4.3,"Замечательная атмосфера, танцевали до утра.",Positive,0.64,"[0.73, 0.53, 0.24]"
USR_0024,Шопинг,LOC_047,349,1.8,"Цены космос, выбор нулевой.",Negative,0.25,"[0.6, 0.26, 0.21]"
USR_0163,Музеи и искусство,LOC_007,15,4.2,Экспозиция просто восторг!,Positive,0.64,"[0.68, 0.35, 0.62]"
USR_0109,Парки и природа,LOC_021,326,4.4,Прекрасный ландшафтный дизайн.,Positive,0.1,"[0.53, 0.45, 0.54]"
USR_0071,Архитектура,LOC_028,38,3.2,"Здания как здания, ничего особенного.",Neutral,0.33,"[0.7, 0.36, 0.77]"
USR_0012,Гастрономия,LOC_021,73,3.5,"Еда средняя, цены завышены.",Neutral,0.75,"[0.54, 0.2, 0.17]"
USR_0001,Парки и природа,LOC_043,72,4.8,Тихое и спокойное место для прогулок.,Positive,0.24,"[0.22, 0.64, 0.01]"
USR_0086,Ночная жизнь,LOC_017,533,1.9,"Музыка слишком громкая, контингент сомнительный.",Negative,0.75,"[0.39, 0.39, 0.67]"
USR_0198,Парки и природа,LOC_024,695,4.2,Тихое и спокойное место для прогулок.,Positive,0.52,"[0.89, 0.63, 0.06]"
USR_0034,Ночная жизнь,LOC_010,447,2.7,"Музыка на любителя, но коктейли неплохие.",Neutral,0.75,"[0.85, 0.79, 0.78]"
USR_0164,Музеи и искусство,LOC_044,1647,3.2,"Экспозиция небольшая, ожидал большего.",Neutral,0.17,"[0.54, 0.33, 0.41]"
USR_0068,Архитектура,LOC_031,244,1.8,"Все в ужасном состоянии, разруха.",Negative,0.62,"[0.37, 0.38, 0.04]"
USR_0042,Ночная жизнь,LOC_005,178,2.6,"Слишком много людей, не протолкнуться.",Neutral,0.64,"[0.71, 0.37, 0.28]"
USR_0190,Гастрономия,LOC_006,1024,4.8,"Невероятно вкусно, лучший ресторан в городе!",Positive,0.44,"[0.63, 0.62, 0.53]"
USR_0114,Парки и природа,LOC_006,136,1.9,"Парк не ухожен, трава высохла.",Negative,0.92,"[0.57, 0.71, 0.71]"
USR_0142,Ночная жизнь,LOC_006,1661,3.1,"Слишком много людей, не протолкнуться.",Neutral,0.43,"[0.56, 0.42, 0.74]"
USR_0181,Шопинг,LOC_028,16,2.8,"Обычный ТЦ, цены как везде.",Neutral,0.13,"[0.23, 0.8, 0.47]"
USR_0110,Ночная жизнь,LOC_007,1761,2.5,"Музыка на любителя, но коктейли неплохие.",Neutral,0.27,"[0.48, 0.61, 0.5]"
USR_0144,Гастрономия,LOC_048,32,4.4,Обязательно вернусь сюда снова ради этих десертов.,Positive,0.42,"[0.56, 0.54, 0.04]"
USR_0003,Музеи и искусство,LOC_048,1118,3.4,"Некоторые залы закрыты, но в целом пойдет.",Neutral,0.11,"[0.4, 0.38, 0.27]"
USR_0029,Архитектура,LOC_024,385,3.2,"Требует реставрации, но в целом нормально.",Neutral,0.37,"[0.78, 0.42, 0.38]"
USR_0020,Шопинг,LOC_009,2488,4.0,Отличные скидки и приветливый персонал.,Positive,0.81,"[0.63, 0.14, 0.47]"
USR_0177,Гастрономия,LOC_036,48,4.0,"Невероятно вкусно, лучший ресторан в городе!",Positive,0.26,"[0.3, 0.68, 0.41]"
USR_0039,Ночная жизнь,LOC_004,413,4.3,Лучшая вечеринка года!,Positive,0.68,"[0.71, 0.18, 0.7]"
USR_0140,Гастрономия,LOC_038,1751,1.0,"Еда холодная и невкусная, не советую.",Negative,0.63,"[0.86, 0.59, 0.12]"
USR_0010,Парки и природа,LOC_036,380,3.4,"Обычный парк, маловато скамеек.",Neutral,0.31,"[0.49, 0.42, 0.16]"
USR_0095,Гастрономия,LOC_036,506,3.8,"Еда средняя, цены завышены.",Neutral,0.69,"[0.61, 0.6, 0.18]"
USR_0150,Архитектура,LOC_022,604,4.1,Потрясающие фасады зданий!,Positive,0.39,"[0.52, 0.28, 0.62]"
USR_0142,Архитектура,LOC_043,313,4.2,"Великолепная архитектура, обязательно к посещению.",Positive,0.21,"[0.84, 0.66, 0.65]"
USR_0038,Гастрономия,LOC_008,503,4.8,Отличное обслуживание и прекрасное меню.,Positive,0.43,"[0.29, 0.18, 0.4]"
USR_0111,Парки и природа,LOC_027,448,4.4,Прекрасный ландшафтный дизайн.,Positive,0.6,"[0.45, 0.47, 0.35]"
USR_0033,Шопинг,LOC_023,1167,4.4,Отличные скидки и приветливый персонал.,Positive,0.24,"[0.75, 0.46, 0.85]"
USR_0011,Ночная жизнь,LOC_043,33,5.0,Отличная музыка и вкусные коктейли.,Positive,0.8,"[0.47, 0.37, 0.69]"
USR_0079,Шопинг,LOC_049,174,4.7,Прекрасный торговый центр с удобной парковкой.,Positive,0.35,"[0.84, 0.5, 0.59]"
USR_0094,Парки и природа,LOC_028,1511,3.4,"Обычный парк, маловато скамеек.",Neutral,0.35,"[0.31, 0.71, 0.16]"
USR_0011,Музеи и искусство,LOC_047,1114,2.1,"Скучно, неинтересно и дорого.",Negative,0.72,"[0.7, 0.39, 0.28]"
USR_0092,Архитектура,LOC_004,314,4.4,"Великолепная архитектура, обязательно к посещению.",Positive,0.61,"[0.74, 0.41, 0.56]"
USR_0054,Музеи и искусство,LOC_019,493,4.1,Экспозиция просто восторг!,Positive,0.39,"[0.28, 0.19, 0.18]"
USR_0175,Ночная жизнь,LOC_039,172,4.2,"Замечательная атмосфера, танцевали до утра.",Positive,0.85,"[0.64, 0.28, 0.41]"
USR_0064,Парки и природа,LOC_020,114,4.4,"Очень зелено, свежий воздух, идеально для отдыха.",Positive,0.95,"[0.8, 0.48, 0.01]"
USR_0171,Ночная жизнь,LOC_023,321,3.3,"Музыка на любителя, но коктейли неплохие.",Neutral,0.39,"[0.82, 0.27, 0.53]"
USR_0027,Музеи и искусство,LOC_007,227,1.1,"Скучно, неинтересно и дорого.",Negative,0.87,"[0.53, 0.39, 0.07]"
USR_0091,Парки и природа,LOC_037,448,4.0,"Очень зелено, свежий воздух, идеально для отдыха.",Positive,0.41,"[0.62, 0.27, 0.49]"
USR_0200,Шопинг,LOC_033,50,4.9,Прекрасный торговый центр с удобной парковкой.,Positive,0.26,"[0.63, 0.49, 0.74]"
USR_0144,Шопинг,LOC_014,1842,1.7,"Хамоватый персонал, обсчитали на кассе.",Negative,0.91,"[0.23, 0.2, 0.59]"
USR_0105,Музеи и искусство,LOC_010,2151,4.1,Экспозиция просто восторг!,Positive,0.88,"[0.23, 0.7, 0.6]"
USR_0159,Музеи и искусство,LOC_043,608,2.3,"Зря потратили время, экспонатов почти нет.",Negative,0.44,"[0.79, 0.31, 0.83]"
USR_0192,Архитектура,LOC_031,394,4.0,Очень красивое историческое место.,Positive,0.29,"[0.23, 0.39, 0.16]"
USR_0040,Шопинг,LOC_015,195,1.4,"Цены космос, выбор нулевой.",Negative,0.72,"[0.67, 0.53, 0.62]"
USR_0061,Архитектура,LOC_007,850,1.8,"Фасады обшарпаны, неприятно смотреть.",Negative,0.21,"[0.62, 0.65, 0.16]"
USR_0042,Музеи и искусство,LOC_023,587,3.5,"Экспозиция небольшая, ожидал большего.",Neutral,0.72,"[0.52, 0.51, 0.84]"
USR_0046,Ночная жизнь,LOC_036,98,4.1,Отличная музыка и вкусные коктейли.,Positive,0.6,"[0.27, 0.31, 0.33]"
USR_0106,Парки и природа,LOC_024,1219,4.2,"Очень зелено, свежий воздух, идеально для отдыха.",Positive,0.24,"[0.47, 0.15, 0.38]"
USR_0007,Шопинг,LOC_008,874,3.0,"Мало брендов, но чисто.",Neutral,0.41,"[0.59, 0.3, 0.12]"
USR_0046,Парки и природа,LOC_049,1505,1.5,"Много мусора, неприятно гулять.",Negative,0.65,"[0.69, 0.29, 0.47]"
USR_0189,Архитектура,LOC_018,656,2.7,"Здания как здания, ничего особенного.",Neutral,0.13,"[0.57, 0.59, 0.55]"
USR_0086,Архитектура,LOC_037,485,2.0,"Все в ужасном состоянии, разруха.",Negative,0.85,"[0.28, 0.61, 0.57]"
USR_0106,Гастрономия,LOC_015,280,5.0,"Невероятно вкусно, лучший ресторан в городе!",Positive,0.32,"[0.89, 0.44, 0.62]"
USR_0172,Ночная жизнь,LOC_028,1359,4.4,"Замечательная атмосфера, танцевали до утра.",Positive,0.55,"[0.85, 0.79, 0.26]"
USR_0189,Шопинг,LOC_036,1015,3.0,"Обычный ТЦ, цены как везде.",Neutral,0.14,"[0.63, 0.32, 0.47]"
USR_0064,Шопинг,LOC_050,33,3.8,"Обычный ТЦ, цены как везде.",Neutral,0.95,"[0.9, 0.35, 0.12]"
USR_0069,Архитектура,LOC_040,23,4.8,Потрясающие фасады зданий!,Positive,0.66,"[0.59, 0.46, 0.57]"
USR_0041,Ночная жизнь,LOC_040,246,4.3,Лучшая вечеринка года!,Positive,0.66,"[0.54, 0.23, 0.55]"
USR_0180,Парки и природа,LOC_044,841,1.7,"Парк не ухожен, трава высохла.",Negative,0.12,"[0.7, 0.79, 0.0]"
USR_0028,Шопинг,LOC_042,2192,4.9,Отличные скидки и приветливый персонал.,Positive,0.69,"[0.22, 0.54, 0.11]"
USR_0098,Архитектура,LOC_036,91,4.7,Очень красивое историческое место.,Positive,0.45,"[0.79, 0.66, 0.9]"
USR_0010,Гастрономия,LOC_002,460,2.6,"Нормально перекусить можно, но без изысков.",Neutral,0.42,"[0.49, 0.33, 0.5]"
USR_0121,Музеи и искусство,LOC_039,249,3.6,"Некоторые залы закрыты, но в целом пойдет.",Neutral,0.57,"[0.65, 0.11, 0.18]"
USR_0057,Шопинг,LOC_043,1761,2.6,"Мало брендов, но чисто.",Neutral,0.5,"[0.4, 0.65, 0.28]"
USR_0052,Ночная жизнь,LOC_045,932,4.7,Лучшая вечеринка года!,Positive,0.23,"[0.55, 0.33, 0.01]"
USR_0118,Музеи и искусство,LOC_018,921,3.5,"Экспозиция небольшая, ожидал большего.",Neutral,0.69,"[0.68, 0.34, 0.65]"
USR_0090,Парки и природа,LOC_002,326,4.1,"Очень зелено, свежий воздух, идеально для отдыха.",Positive,0.64,"[0.63, 0.12, 0.16]"
USR_0079,Гастрономия,LOC_012,277,4.3,Отличное обслуживание и прекрасное меню.,Positive,0.36,"[0.43, 0.34, 0.61]"
USR_0059,Шопинг,LOC_018,169,4.3,Отличные скидки и приветливый персонал.,Positive,0.66,"[0.84, 0.66, 0.58]"
USR_0058,Музеи и искусство,LOC_045,39,4.2,Экспозиция просто восторг!,Positive,0.66,"[0.54, 0.54, 0.8]"
USR_0007,Ночная жизнь,LOC_049,1010,4.6,Лучшая вечеринка года!,Positive,0.33,"[0.58, 0.33, 0.71]"
USR_0169,Музеи и искусство,LOC_020,848,4.0,Экспозиция просто восторг!,Positive,0.61,"[0.49, 0.62, 0.75]"
USR_0050,Архитектура,LOC_022,4096,4.1,"Великолепная архитектура, обязательно к посещению.",Positive,0.22,"[0.41, 0.61, 0.28]"
USR_0103,Музеи и искусство,LOC_023,2857,4.3,Очень познавательно и интересно.,Positive,0.81,"[0.58, 0.25, 0.62]"
USR_0085,Парки и природа,LOC_001,415,4.3,Прекрасный ландшафтный дизайн.,Positive,0.19,"[0.76, 0.72, 0.32]"
USR_0072,Музеи и искусство,LOC_012,742,4.1,Современное искусство на высшем уровне.,Positive,0.71,"[0.88, 0.3, 0.03]"
USR_0018,Парки и природа,LOC_010,1458,2.3,"Много мусора, неприятно гулять.",Negative,0.2,"[0.89, 0.54, 0.76]"
USR_0198,Парки и природа,LOC_037,957,1.8,"Много мусора, неприятно гулять.",Negative,0.2,"[0.6, 0.37, 0.54]"
USR_0072,Ночная жизнь,LOC_043,152,4.4,Отличная музыка и вкусные коктейли.,Positive,0.19,"[0.81, 0.63, 0.63]"
USR_0090,Архитектура,LOC_026,309,4.3,Потрясающие фасады зданий!,Positive,0.27,"[0.42, 0.12, 0.37]"
USR_0165,Гастрономия,LOC_005,79,4.1,"Невероятно вкусно, лучший ресторан в городе!",Positive,0.27,"[0.55, 0.27, 0.41]"
USR_0131,Парки и природа,LOC_010,1550,4.4,Прекрасный ландшафтный дизайн.,Positive,0.32,"[0.87, 0.25, 0.27]"
USR_0103,Музеи и искусство,LOC_048,475,4.1,Экспозиция просто восторг!,Positive,0.54,"[0.28, 0.65, 0.7]"
USR_0174,Ночная жизнь,LOC_041,139,4.2,Отличная музыка и вкусные коктейли.,Positive,0.27,"[0.84, 0.41, 0.02]"
USR_0138,Музеи и искусство,LOC_002,566,3.3,"Экспозиция небольшая, ожидал большего.",Neutral,0.7,"[0.54, 0.45, 0.17]"
USR_0085,Парки и природа,LOC_006,491,4.1,Прекрасный ландшафтный дизайн.,Positive,0.35,"[0.85, 0.61, 0.47]"
USR_0008,Ночная жизнь,LOC_048,231,4.9,Лучшая вечеринка года!,Positive,0.13,"[0.74, 0.2, 0.78]"
USR_0030,Музеи и искусство,LOC_034,70,4.6,Современное искусство на высшем уровне.,Positive,0.52,"[0.78, 0.76, 0.61]"
USR_0067,Шопинг,LOC_014,566,3.0,"Мало брендов, но чисто.",Neutral,0.28,"[0.29, 0.61, 0.41]"
USR_0046,Архитектура,LOC_025,377,4.8,Очень красивое историческое место.,Positive,0.89,"[0.7, 0.47, 0.0]"
USR_0149,Музеи и искусство,LOC_027,749,2.4,"Скучно, неинтересно и дорого.",Negative,0.38,"[0.85, 0.58, 0.53]"
USR_0068,Архитектура,LOC_030,377,4.3,Потрясающие фасады зданий!,Positive,0.1,"[0.26, 0.43, 0.04]"
USR_0010,Парки и природа,LOC_022,965,1.3,"Парк не ухожен, трава высохла.",Negative,0.67,"[0.56, 0.56, 0.28]"
USR_0028,Парки и природа,LOC_011,411,5.0,"Очень зелено, свежий воздух, идеально для отдыха.",Positive,0.87,"[0.6, 0.32, 0.8]"
USR_0153,Парки и природа,LOC_024,421,1.4,"Много мусора, неприятно гулять.",Negative,0.81,"[0.42, 0.23, 0.25]"
USR_0112,Архитектура,LOC_020,1056,3.2,"Здания как здания, ничего особенного.",Neutral,0.67,"[0.42, 0.41, 0.11]"
USR_0089,Музеи и искусство,LOC_047,268,4.2,Очень познавательно и интересно.,Positive,0.23,"[0.3, 0.29, 0.01]"
USR_0187,Шопинг,LOC_021,81,4.8,"Огромный выбор магазинов, нашел все что нужно.",Positive,0.18,"[0.64, 0.46, 0.19]"
USR_0081,Архитектура,LOC_050,24,4.1,Потрясающие фасады зданий!,Positive,0.53,"[0.45, 0.32, 0.13]"
USR_0112,Ночная жизнь,LOC_037,713,4.6,Лучшая вечеринка года!,Positive,0.72,"[0.69, 0.3, 0.22]"
USR_0156,Шопинг,LOC_039,494,4.7,"Огромный выбор магазинов, нашел все что нужно.",Positive,0.19,"[0.25, 0.53, 0.3]"
USR_0131,Музеи и искусство,LOC_006,618,5.0,Экспозиция просто восторг!,Positive,0.32,"[0.51, 0.19, 0.42]"
USR_0030,Музеи и искусство,LOC_004,129,4.7,Экспозиция просто восторг!,Positive,0.3,"[0.67, 0.17, 0.05]"
USR_0099,Архитектура,LOC_010,83,4.3,Потрясающие фасады зданий!,Positive,0.94,"[0.5, 0.23, 0.54]"
USR_0148,Гастрономия,LOC_011,17,3.6,"Еда средняя, цены завышены.",Neutral,0.35,"[0.61, 0.69, 0.63]"
USR_0049,Шопинг,LOC_049,225,3.1,"Мало брендов, но чисто.",Neutral,0.49,"[0.63, 0.32, 0.74]"
USR_0066,Парки и природа,LOC_040,455,4.6,"Очень зелено, свежий воздух, идеально для отдыха.",Positive,0.18,"[0.7, 0.57, 0.48]"
USR_0012,Шопинг,LOC_004,258,4.7,Прекрасный торговый центр с удобной парковкой.,Positive,0.25,"[0.88, 0.63, 0.42]"
USR_0182,Музеи и искусство,LOC_044,297,3.6,"Некоторые залы закрыты, но в целом пойдет.",Neutral,0.13,"[0.29, 0.67, 0.83]"
USR_0112,Ночная жизнь,LOC_006,1182,5.0,"Замечательная атмосфера, танцевали до утра.",Positive,0.35,"[0.53, 0.42, 0.62]"
USR_0001,Музеи и искусство,LOC_018,224,4.4,Современное искусство на высшем уровне.,Positive,0.78,"[0.7, 0.43, 0.21]"
USR_0134,Архитектура,LOC_029,370,4.9,Очень красивое историческое место.,Positive,0.37,"[0.36, 0.7, 0.56]"
USR_0138,Гастрономия,LOC_043,775,3.3,"Еда средняя, цены завышены.",Neutral,0.73,"[0.84, 0.37, 0.63]"
USR_0176,Парки и природа,LOC_028,262,3.0,"Обычный парк, маловато скамеек.",Neutral,0.18,"[0.67, 0.65, 0.79]"
USR_0185,Шопинг,LOC_032,496,1.8,"Хамоватый персонал, обсчитали на кассе.",Negative,0.74,"[0.52, 0.12, 0.43]"
USR_0190,Гастрономия,LOC_039,1001,2.6,"Еда средняя, цены завышены.",Neutral,0.14,"[0.45, 0.42, 0.15]"
USR_0189,Парки и природа,LOC_029,1503,3.4,"Можно погулять, если живете рядом.",Neutral,0.82,"[0.74, 0.52, 0.11]"
USR_0172,Музеи и искусство,LOC_027,89,4.6,Экспозиция просто восторг!,Positive,0.66,"[0.27, 0.67, 0.72]"
USR_0051,Ночная жизнь,LOC_018,1315,5.0,Лучшая вечеринка года!,Positive,0.24,"[0.43, 0.55, 0.71]"
USR_0094,Музеи и искусство,LOC_014,348,3.1,"Экспозиция небольшая, ожидал большего.",Neutral,0.4,"[0.57, 0.38, 0.37]"
USR_0111,Архитектура,LOC_049,159,3.9,"Здания как здания, ничего особенного.",Neutral,0.47,"[0.63, 0.48, 0.88]"
USR_0018,Архитектура,LOC_033,317,4.0,Потрясающие фасады зданий!,Positive,0.63,"[0.47, 0.34, 0.73]"
USR_0171,Ночная жизнь,LOC_008,1966,4.5,Отличная музыка и вкусные коктейли.,Positive,0.85,"[0.61, 0.65, 0.39]"
USR_0085,Шопинг,LOC_023,349,4.6,"Огромный выбор магазинов, нашел все что нужно.",Positive,0.18,"[0.75, 0.48, 0.21]"
USR_0160,Гастрономия,LOC_028,209,4.4,"Невероятно вкусно, лучший ресторан в городе!",Positive,0.79,"[0.66, 0.15, 0.84]"
USR_0081,Ночная жизнь,LOC_008,511,4.8,"Замечательная атмосфера, танцевали до утра.",Positive,0.26,"[0.6, 0.44, 0.53]"
USR_0170,Гастрономия,LOC_019,147,4.5,Отличное обслуживание и прекрасное меню.,Positive,0.44,"[0.52, 0.49, 0.74]"
USR_0032,Парки и природа,LOC_044,49,4.0,Прекрасный ландшафтный дизайн.,Positive,0.92,"[0.32, 0.77, 0.06]"
USR_0185,Шопинг,LOC_044,78,4.4,Отличные скидки и приветливый персонал.,Positive,0.33,"[0.28, 0.67, 0.69]"
USR_0077,Архитектура,LOC_038,78,1.2,"Фасады обшарпаны, неприятно смотреть.",Negative,0.43,"[0.47, 0.45, 0.59]"
USR_0130,Шопинг,LOC_032,92,1.2,"Хамоватый персонал, обсчитали на кассе.",Negative,0.82,"[0.26, 0.67, 0.8]"
USR_0080,Музеи и искусство,LOC_034,84,4.5,Очень познавательно и интересно.,Positive,0.78,"[0.83, 0.55, 0.0]"
USR_0171,Архитектура,LOC_043,522,4.5,"Великолепная архитектура, обязательно к посещению.",Positive,0.65,"[0.3, 0.2, 0.48]"
USR_0105,Гастрономия,LOC_020,110,4.4,Отличное обслуживание и прекрасное меню.,Positive,0.78,"[0.47, 0.5, 0.18]"
USR_0084,Архитектура,LOC_003,222,2.9,"Здания как здания, ничего особенного.",Neutral,0.2,"[0.68, 0.32, 0.51]"
USR_0104,Музеи и искусство,LOC_015,1145,4.8,Очень познавательно и интересно.,Positive,0.69,"[0.84, 0.31, 0.85]"
USR_0179,Архитектура,LOC_026,331,4.8,Потрясающие фасады зданий!,Positive,0.15,"[0.5, 0.79, 0.31]"
USR_0076,Ночная жизнь,LOC_039,560,3.4,"Музыка на любителя, но коктейли неплохие.",Neutral,0.9,"[0.26, 0.11, 0.89]"
USR_0142,Гастрономия,LOC_004,104,5.0,Отличное обслуживание и прекрасное меню.,Positive,0.24,"[0.48, 0.19, 0.26]"
USR_0033,Музеи и искусство,LOC_001,116,4.2,Очень познавательно и интересно.,Positive,0.45,"[0.46, 0.48, 0.05]"
USR_0050,Ночная жизнь,LOC_014,30,4.6,Отличная музыка и вкусные коктейли.,Positive,0.6,"[0.69, 0.67, 0.32]"
